Profession,Skills
Accountant,"Auditing, Budgeting, Financial Reporting, MS Excel, QuickBooks, Tally, Taxation"
Baker,"Baking Techniques, Recipe Development, Pastry Skills, Icing & Decoration, Food Safety"
Business Analyst,"Data Analysis, Excel, Power BI, Requirements Gathering, SQL, Stakeholder Communication, Tableau, UML"
Chef,"Culinary Techniques, Menu Planning, Kitchen Management, Knife Skills, Food Safety"
Civil Engineer,"AutoCAD, Construction Management, Estimation, Project Planning, STAAD Pro, Structural Analysis, Surveying"
Cloud Architect,"AWS, Azure, CI/CD, Cloud Security, GCP, Infrastructure as Code, Linux, Networking"
Cybersecurity Analyst,"Ethical Hacking, Firewalls, Linux, Network Security, Penetration Testing, Python, Risk Assessment, SIEM"
Data Scientist,"Data Visualization, Deep Learning, Machine Learning, Numpy, Pandas, Python, R, SQL, Statistics"
DevOps Engineer,"AWS, Azure, CI/CD, Docker, Git, Kubernetes, Linux, Monitoring Tools, Terraform"
Digital Marketer,"AdWords, Content Marketing, Email Marketing, Google Analytics, PPC, SEM, SEO, Social Media Marketing"
Doctor,"Diagnosis, Empathy, Medical Knowledge, Patient Care, Record Keeping, Surgery, Time Management"
Electrical Engineer,"Circuit Design, Embedded Systems, MATLAB, Microcontrollers, Power Systems, Simulink, Troubleshooting"
Flight Attendant,"Customer Service, Safety Procedures, Emergency Response, First Aid, Communication"
Graphic Designer,"Adobe Photoshop, Branding, Color Theory, Creativity, Illustrator, InDesign, Layout Design, Typography"
Ground Staff,"Baggage Handling, Check-in Systems, Safety Compliance, Communication, Logistics"
Hotel Management Staff,"Front Desk Operations, Guest Relations, Reservation Systems, Hospitality, Communication"
Lawyer,"Client Counseling, Contract Drafting, Legal Research, Legal Writing, Litigation, Negotiation"
Mechanical Engineer,"ANSYS, AutoCAD, Fluid Mechanics, MATLAB, Manufacturing, Project Management, SolidWorks, Thermodynamics"
Model,"Posing, Runway Walking, Choreography, Makeup Knowledge, Fashion Awareness, Fitness"
Nurse,"CPR, Communication, IV Insertion, Medication Administration, Monitoring Vital Signs, Patient Care, Advanced Patient Care & Triage, ICU & Emergency Care, Electronic Medical Records (EMR), Team Leadership & Staff Training, Infection Control & Safety Compliance, Communication & Patient Education, Medication Administration, Clinical Decision Making"
Pilot,"Aircraft Operation, Navigation, Flight Planning, Communication, Meteorology"
Product Manager,"Agile Methodologies, Data Analysis, Market Research, Product Roadmapping, Stakeholder Management, Wireframing"
QA Engineer,"API Testing, Agile, Automation Testing, Bug Tracking, JIRA, Manual Testing, Postman, Selenium, TestNG"
Software Engineer,"Agile Methodologies, Algorithms, C++, Data Structures, Git, Java, Python, REST APIs, SQL"
Teacher,"Classroom Management, Curriculum Development, Lesson Planning, Patience, Public Speaking, Student Assessment"
UI/UX Designer,"Adobe XD, Design Thinking, Figma, Prototyping, Sketch, Usability Testing, User Research, Wireframing"
Web Developer,"CSS, Express.js, Git, HTML, JavaScript, MongoDB, Node.js, REST APIs, React"


AI Engineer,"Machine Learning, Deep Learning, Python, TensorFlow, PyTorch, Natural Language Processing, Computer Vision"
Backend Developer,"Python, Node.js, Java, .NET, REST APIs, Databases (SQL/NoSQL), Microservices, Cloud Platforms"
Blockchain Developer,"Solidity, Smart Contracts, Cryptography, Decentralized Applications (dApps), Ethereum, Hyperledger"
Big Data Engineer,"Hadoop, Spark, Kafka, SQL, NoSQL, Data Warehousing, ETL, Cloud Data Platforms"
CAD Designer,"AutoCAD, SolidWorks, CATIA, SketchUp, 3D Modeling, Technical Drawing, Prototyping"
Cloud Engineer,"AWS, Azure, GCP, Infrastructure as Code (Terraform), Kubernetes, Docker, Networking, Security"
Data Analyst,"SQL, Excel, Tableau, Power BI, Python (Pandas/NumPy), Statistics, Data Visualization"
Database Administrator (DBA),"SQL, Database Management Systems (DBMS), Backup & Recovery, Performance Tuning, Security, Replication"
Embedded Systems Engineer,"C/C++, Microcontrollers, RTOS, PCB Design, Firmware Development, Debugging Tools, Sensors"
Frontend Developer,"HTML, CSS, JavaScript, React, Angular, Vue.js, Responsive Design, UI/UX Principles"
Game Developer,"C++, C#, Unity, Unreal Engine, Game Physics, Graphics Programming, Level Design, Scripting"
Geospatial Analyst,"GIS Software (ArcGIS, QGIS), Spatial Analysis, Remote Sensing, GPS, Cartography, Python"
Hardware Engineer,"Circuit Design, PCB Layout, Analog/Digital Electronics, Verilog/VHDL, Oscilloscopes, Prototyping"
Machine Learning Engineer,"Python, Scikit-learn, TensorFlow, PyTorch, Model Deployment, MLOps, Algorithm Optimization"
Network Engineer,"Cisco, Juniper, Routing & Switching, Firewalls, VPN, Network Protocols (TCP/IP), Troubleshooting"
Penetration Tester,"Ethical Hacking, OWASP Top 10, Kali Linux, Vulnerability Assessment, Exploit Development, Report Writing"
Robotics Engineer,"ROS, C++, Python, Kinematics, Control Systems, Sensors, Actuators, Machine Vision"
SAP Consultant,"SAP Modules (FI/CO, SD, MM, HR), ABAP, Customization, Implementation, System Integration"
Site Reliability Engineer (SRE),"Linux, Cloud Platforms, Monitoring & Alerting, Automation (Scripting), Incident Response, Distributed Systems"
Systems Administrator,"Linux/Windows Server, Virtualization (VMware, Hyper-V), Scripting (Bash, PowerShell), Networking, Troubleshooting"
Test Automation Engineer,"Selenium, Playwright, Cypress, Java, Python, TestNG, JUnit, CI/CD Integration, Performance Testing"
VLSI Design Engineer,"Verilog/VHDL, ASIC/FPGA Design, Digital Logic, Synthesis, Simulation, Physical Design, STA (Static Timing Analysis)"
Xamarin Developer,"C#, .NET, Xamarin.Forms, Mobile App Development, UI/UX for Mobile, API Integration"

Profession,Skills
Biotechnologist,"Bioprocessing, Cell Culture, DNA Sequencing, Gene Editing, Lab Techniques, Molecular Biology, PCR"
Chemist,"Analytical Techniques, Chemical Synthesis, Lab Safety, Material Science, Organic Chemistry, Spectroscopy"
Civil Service Officer,"Administrative Law, Policy Implementation, Public Administration, Report Writing, Strategic Planning"
Content Writer,"Copywriting, Editing, SEO Writing, Research, Storytelling, Grammar, Keyword Research"
Dental Hygienist,"Oral Prophylaxis, Dental X-rays, Patient Education, Periodontal Charting, Dental Assisting"
Dietitian,"Nutritional Assessment, Meal Planning, Dietary Counseling, Food Science, Weight Management"
Economist,"Econometrics, Forecasting, Data Analysis, Policy Analysis, Statistical Modeling, Research"
Electrician,"Circuit Installation, Wiring, Troubleshooting, Blueprint Reading, Safety Regulations, Power Distribution"
Event Manager,"Budgeting, Vendor Management, Logistics, Marketing, Client Relations, Risk Assessment, Event Planning Software"
Fashion Designer,"Sketching, Pattern Making, Textile Knowledge, Trend Forecasting, Sewing, Garment Construction"
Financial Advisor,"Investment Planning, Risk Assessment, Retirement Planning, Portfolio Management, Client Relations, Financial Regulations"
Forensic Scientist,"Crime Scene Investigation, Evidence Analysis, DNA Analysis, Toxicology, Report Writing, Ballistics"
Geologist,"Geological Mapping, Data Interpretation, GIS, Remote Sensing, Fieldwork, Rock and Mineral Identification"
HR Manager,"Recruitment, Employee Relations, Performance Management, Compensation & Benefits, Labor Law, HRIS"
Journalist,"Reporting, Interviewing, Writing, Editing, Research, News Gathering, Fact-Checking"
Librarian,"Cataloging, Information Retrieval, Research Assistance, Digital Literacy, Archiving, Collection Development"
Logistician,"Supply Chain Management, Inventory Control, Transportation Planning, Warehouse Operations, Customs Regulations"
Marketing Analyst,"Market Research, Data Visualization, Predictive Modeling, Consumer Behavior, SQL, Google Analytics"
Medical Lab Technologist,"Blood Sample Analysis, Microbiology, Hematology, Urinalysis, Quality Control, Lab Equipment Operation"
Museum Curator,"Exhibit Design, Collection Management, Conservation, Research, Public Engagement, Art History"
Operations Manager,"Process Optimization, Supply Chain Management, Quality Control, Inventory Management, Lean Principles, Performance Metrics"
Paralegal,"Legal Research, Document Preparation, Case Management, Client Communication, Court Procedures"
Pharmacist,"Medication Dispensing, Drug Interactions, Patient Counseling, Pharmacy Law, Inventory Management, Compounding"
Photographer,"Composition, Lighting, Photo Editing, Studio Photography, Portraiture, Event Photography"
Physical Therapist,"Rehabilitation Exercises, Manual Therapy, Patient Assessment, Pain Management, Mobility Training"
Public Relations Specialist,"Media Relations, Crisis Communication, Press Release Writing, Event Planning, Brand Management, Social Media Management"
Radiologist,"Medical Imaging Interpretation, X-ray, MRI, CT Scan, Ultrasound, Diagnosis, Patient Safety"
Research Scientist,"Experimental Design, Data Analysis, Scientific Writing, Lab Management, Grant Writing, Statistical Analysis"
Sales Manager,"Sales Strategy, Negotiation, Team Leadership, Customer Relationship Management, Market Analysis, CRM Software"
Social Worker,"Case Management, Counseling, Crisis Intervention, Advocacy, Community Resources, Documentation"
Technical Writer,"Documentation, Explaining Complex Concepts, User Manuals, Software Guides, API Documentation, DITA"
Translator,"Fluency in Multiple Languages, Cultural Nuance, Localization, Terminology Management, Editing, CAT Tools"
Urban Planner,"Urban Design, Zoning Laws, Public Policy, GIS Mapping, Community Engagement, Environmental Planning"
Veterinarian,"Animal Anatomy & Physiology, Diagnosis, Surgery, Anesthesia, Client Education, Pharmacology"

Profession,Skills
Aeronautical Engineer,"Aerodynamics, Aircraft Design, Propulsion Systems, Flight Mechanics, CAD/CAM, Material Science"
Acoustical Engineer,"Sound Design, Noise Control, Signal Processing, Room Acoustics, Audio Measurement, DSP"
Augmented Reality (AR) Developer,"Unity, C#, ARKit, ARCore, 3D Graphics, Computer Vision, UX Design for AR"
Bioinformatics Scientist,"Genomics, Proteomics, R, Python, Biostatistics, Data Mining, Sequence Analysis"
Biomedical Engineer,"Medical Devices, Biomaterials, Biomechanics, Signal Processing, Medical Imaging, Regulatory Affairs"
CAD/CAM Engineer,"CNC Programming, G-code, CAM Software, Tool Design, Machining Processes, Quality Control"
Ceramic Engineer,"Material Science, Ceramic Processing, High-Temperature Materials, Kiln Operation, Quality Control"
Computational Fluid Dynamics (CFD) Engineer,"Fluid Mechanics, Numerical Methods, ANSYS Fluent, OpenFOAM, Meshing, Heat Transfer"
Cryptographer,"Number Theory, Abstract Algebra, Secure Algorithms, Cryptographic Protocols, Hashing, Digital Signatures"
Deep Learning Engineer,"Neural Networks, PyTorch, TensorFlow, Keras, CNNs, RNNs, Generative Models, GPU Computing"
DevSecOps Engineer,"CI/CD Pipelines, Static Application Security Testing (SAST), Dynamic Application Security Testing (DAST), Container Security, Cloud Security, Threat Modeling"
Electromechanical Engineer,"Mechatronics, Robotics, Control Systems, Sensor Integration, Actuator Design, PLC Programming"
Fiber Optics Engineer,"Optical Communication, Fiber Optic Networks, Lightwave Technology, OTDR Testing, Fusion Splicing"
Forensic Engineer,"Failure Analysis, Material Science, Accident Reconstruction, Structural Analysis, Expert Witness Testimony"
Geotechnical Engineer,"Soil Mechanics, Foundation Design, Rock Mechanics, Site Investigation, Geotextiles, Finite Element Analysis"
Hydrologist,"Water Resources Management, Hydrologic Modeling, GIS, Remote Sensing, Environmental Monitoring, Statistical Analysis"
Industrial Engineer,"Process Optimization, Lean Manufacturing, Six Sigma, Supply Chain Analysis, Simulation Modeling, Ergonomics"
Information Security Analyst,"Vulnerability Management, Incident Response, SIEM, IDS/IPS, Penetration Testing, Risk Assessment"
Instrumentation Engineer,"Process Control, PLC, SCADA, Sensors, Act Actuators, Calibration, Control Loop Tuning"
Laser Engineer,"Laser Optics, Optoelectronics, Quantum Mechanics, Laser Applications, Beam Delivery Systems, Optical Metrology"
Marine Engineer,"Ship Systems, Naval Architecture, Propulsion Systems, Marine Machinery, IMO Regulations, Fluid Dynamics"
Metallurgical Engineer,"Material Characterization, Heat Treatment, Welding, Corrosion, Alloy Design, X-ray Diffraction"
Nanoengineer,"Nanomaterials, Nanofabrication, Self-Assembly, Quantum Mechanics, Electron Microscopy, Surface Science"
Optical Engineer,"Lens Design, Illumination Systems, Opto-mechanical Design, ZEMAX, Diffraction, Interferometry"
Petroleum Engineer,"Reservoir Engineering, Drilling Operations, Production Optimization, Well Logging, Enhanced Oil Recovery, Geomechanics"
Power Electronics Engineer,"Circuit Design, Power Converters, Motor Drives, IGBTs, MOSFETs, Embedded Control, EMC/EMI"
Quantum Engineer,"Quantum Mechanics, Quantum Computing, Quantum Cryptography, Superconducting Circuits, Qubit Fabrication, Cryogenics"
RF Engineer,"RF Circuit Design, Antenna Design, Wireless Communication, Spectrum Analyzers, Network Analyzers, EM Simulation"
Semiconductor Engineer,"CMOS, VLSI Fabrication, Device Physics, Lithography, Etching, Thin Films, Cleanroom Protocols"
Signal Processing Engineer,"DSP, FIR/IIR Filters, Fourier Analysis, Wavelets, Adaptive Filters, MATLAB, Python (SciPy)"
Software Architect,"System Design, Scalability, Microservices, API Design, Design Patterns, Cloud Architecture, Technology Stack Selection"
Structural Engineer,"Structural Analysis, Concrete Design, Steel Design, Seismic Engineering, Building Codes, FEA Software"
Telecommunications Engineer,"Network Protocols, VoIP, Wireless Communication, Fiber Optics, Satellite Communication, Network Planning"
Thermal Engineer,"Heat Transfer, Thermodynamics, Fluid Dynamics, Thermal Management, CFD Simulation, HVAC Systems"
UI Automation Engineer,"Selenium, Playwright, Cypress, TestComplete, UI Testing Frameworks, JavaScript, Python"
Virtual Reality (VR) Developer,"Unity, C#, Unreal Engine, VR Headsets (Oculus, Vive), 3D Modeling, Haptic Feedback, Spatial Audio"
Wireless Engineer,"RF Propagation, Cellular Networks (5G/LTE), Wi-Fi, MIMO, Antenna Theory, Network Optimization"

Biomedical Equipment Technician,"Medical Device Repair, Calibration, Troubleshooting, Electronics, Anatomy & Physiology, Safety Regulations"
Clinical Data Manager,"Clinical Trials, Data Collection, Database Management, ICH-GCP, EDC Systems, SAS/R"
Medical Device Engineer,"Design Control, Product Development, FDA Regulations, biocompatibility, Materials Science, CAD"
Medical Imaging Engineer,"MRI, CT, X-ray, Ultrasound Systems, Image Processing, PACS, DICOM, Signal Processing"
Pharmaceutical Engineer,"Process Design, GMP, Aseptic Processing, Bioreactors, Validation, Quality Control"
Pharmacovigilance Scientist,"Adverse Event Reporting, Drug Safety, Regulatory Compliance, Data Analysis, Medical Terminology"
Bioinformatics Analyst,"Genomic Data Analysis, Python/R, Biostatistics, Next-Generation Sequencing (NGS), Biological Databases"
Health Informatics Specialist,"EHR/EMR Systems, HL7, Data Interoperability, Healthcare IT, Data Security, Project Management"
Biostatistician,"Statistical Modeling, Clinical Trial Design, SAS/R, Hypothesis Testing, Data Interpretation"
Prosthetics & Orthotics Engineer,"Biomechanics, CAD/CAM, Material Science, 3D Printing, Patient Assessment, Custom Device Fabrication"

